R&D Spend,Administration,Marketing Spend,State,Profit
165349.2,136897.8,471784.1,New York,192261.83
162597.7,151377.59,443898.53,California,191792.06
153441.51,101145.55,407934.54,Florida,191050.39
144372.41,118671.85,383199.62,New York,182901.99
142107.34,91391.77,366168.42,Florida,166187.94
139490.97,184958.52,147854.83,New York,209047.07
145147.29,140767.0,260454.16,Florida,211625.15
168906.9,75779.67,326835.26,California,252440.47
141045.47,114860.28,352843.68,Florida,237440.75
120420.4,190534.4,178083.7,California,181314.33
78021.79,185785.12,239618.18,California,182749.72
134113.35,98640.83,170769.16,California,185239.44
195196.52,188913.5,265897.0,California,254362.01
111858.62,135445.59,414935.86,California,244316.44
176965.25,173800.07,326944.88,California,271742.74
56990.67,94331.47,149983.25,Florida,122076.39
175228.53,82655.03,185630.96,New York,211146.89
180009.41,131656.53,256864.26,California,221282.2
195661.11,180615.61,235233.99,New York,264622.56
149846.87,184604.03,488724.7,California,276625.39
114096.69,193317.83,356428.65,California,211101.67
95001.19,90520.27,262315.59,New York,188320.74
59237.75,68709.92,481280.88,California,186834.32
188236.15,116970.79,373229.57,New York,280349.19
94744.83,105165.12,392738.77,California,203044.63
98355.72,96007.19,335024.01,Florida,211962.1
117266.41,72836.13,128561.99,New York,183702.81
78111.08,56279.93,106449.3,New York,136462.24
95133.91,72593.78,414178.82,California,219541.36
192183.52,192724.79,178988.79,Florida,233470.26
127651.37,63710.03,140885.25,California,180730.54
71763.57,80643.79,296334.64,California,160951.66
170964.0,118253.26,291178.67,Florida,257451.42
135851.66,174485.3,299203.4,New York,218985.07
182630.26,98638.13,318626.26,New York,232585.87
152704.52,160685.11,230309.71,New York,231939.01
127938.32,157563.4,477856.08,Florida,247516.97
144001.92,115769.43,163346.55,New York,208281.84
79476.23,162917.55,335173.56,California,176010.73
134236.54,103992.84,474501.7,California,260584.78
61991.95,157115.33,294698.14,New York,155827.31
147407.92,141470.34,365210.91,Florida,258462.76
183468.52,162724.55,321899.82,California,272121.79
144881.6,50590.68,446023.26,New York,232529.06
152640.61,186989.84,344021.01,Florida,225972.22
141374.74,195158.91,396586.3,California,231981.01
189355.95,161126.19,411015.98,Florida,292454.81
108038.51,84147.35,446718.96,California,227856.55
97207.92,69583.97,145104.01,California,150360.53
101490.57,125899.89,342618.06,Florida,221699.83
138636.4295886536,77433.71392367373,322488.8236015905,California,294292.3249978863
164944.33887139263,197418.55029009946,451436.2636500915,California,200550.56994528242
128405.88822592975,156388.89425479202,268267.3283965466,New York,233215.8785038729
120393.06287549308,136051.52721475213,236178.0474844253,California,266497.5143985819
71218.7236570533,150540.50440977275,316236.6676336184,California,211486.75604193637
132198.6474416451,93484.29880411681,414216.6623697011,Florida,215600.17098337362
62136.17875947582,120983.50853796805,609985.3726715033,Florida,223569.92908774095
107192.02113918005,145980.0102041248,444684.391281334,New York,124826.6898152178
144077.00389850597,145770.6084409279,349294.6792281067,Florida,278909.3686027647
109019.04849630577,160235.0530633207,200745.34275226883,New York,236858.42697813438
166876.29515323177,80961.29292107117,258343.6346019799,New York,172525.0294738227
153204.10410029913,122614.38752453263,266900.3534703397,Florida,239626.94947590245
124883.95234789872,204757.0227036396,426831.85879102943,Florida,139641.91242138617
154825.71704216866,181069.6915387578,303860.29566633777,California,153668.6884659871
81827.64354141371,161421.65238803753,205315.49338767328,New York,217675.79564467422
118072.98626941757,141402.68017289456,280599.75726792496,California,184725.39895470705
164090.45915750024,128587.9425795577,294274.0424030303,Florida,197744.812799919
43654.02449635834,155674.3484789888,457056.7187052964,New York,221059.06746424985
81753.24392112356,187343.971091129,366068.26023139834,Florida,202303.56210197278
94084.95832452826,115374.68225125337,379777.629358124,Florida,133643.6985317003
164076.13225010742,154595.9851871523,444968.81924380397,Florida,130033.07766875108
105175.71274989184,89720.92695010184,278115.85291800404,California,193601.89531200382
129928.55285016203,137851.0165127564,240146.35555423115,New York,240037.09073070306
180627.01376413365,77465.84916287524,180838.02383674408,California,221551.88532154023
166526.47193379997,175265.45873020735,402473.50169805344,New York,233360.18382484946
133782.96459406478,136450.29383535884,213479.06431430284,California,202245.7317219587
139653.78707756966,122840.96573832665,177595.81370164812,Florida,251088.47199609084
156161.03067791308,114158.33740535687,261965.5809727311,California,229139.4474651408
171216.562473013,63509.95970653708,300958.526432444,California,245349.00766745518
121404.64002033793,113267.77675248522,382601.05074071244,Florida,221799.39347548987
90839.00344734026,142848.79339574886,329519.91953800555,New York,216986.0688654998
109326.82224032993,167138.7180604837,300313.97111581994,California,236393.4716100511
211670.7856659721,120497.0570300548,253715.8213887582,California,152044.97875672323
138786.5194277615,32278.577622203753,354598.7959954353,New York,255932.53196052514
116355.79804766865,192024.66518614884,416583.1893699537,California,239301.04163029863
82703.2929771861,158866.08403279338,318445.4521483746,California,199931.4114727699
116198.78677901177,138647.69654585194,193694.05715000746,California,107267.03129852179
147180.98107508552,172134.38800181195,353995.2088233792,Florida,184619.74034173012
67632.01298816846,118990.88623849362,140059.1691472805,Florida,251656.22791700705
132003.96336593427,113729.32460544184,121421.56118594648,California,201856.775716401
84265.26560114868,137383.65137122272,370696.74146444985,California,116063.83387141128
137543.65850926735,141070.14716985254,237729.57922320557,New York,199826.06754353896
143480.53427260258,133033.64343297886,313498.5800493983,New York,254444.67205038964
114857.18260383548,202661.02942577895,113700.05820448505,New York,225298.6525247516
167595.39562953782,83654.31641383102,341259.9874128065,Florida,197392.15884431155
168873.31094223645,131423.5590837876,367403.07820957876,New York,242739.848223042
145885.04568159598,124566.09815484493,216419.5445848106,New York,258919.17050717468
173301.4042566727,156492.5996167419,212244.60610801846,California,239394.79843276
145422.46686641182,107521.68033362395,382512.7676981555,California,284448.094794524
165909.74202081887,156378.3162530113,452598.6102068935,New York,234530.22053192844
109747.72820019364,87086.56074550486,322303.54197147593,California,213781.35357861614
121529.23711001853,78718.35873194262,449738.6465230584,California,223864.83337138535
156825.32746886785,159545.06872781858,265278.3578562698,New York,190100.80961754362
73159.7508158036,184125.99561239532,242351.7733636882,California,236888.34529565787
149910.81702967078,217550.6855928817,295497.86954676616,California,253619.64511827324
108478.53811183322,223983.41516193785,402625.54493405094,New York,201321.74537415683
37322.26878831914,76681.69800506296,437457.9675835067,Florida,188104.982409025
121062.0447447139,125339.49366614746,262028.64663350434,Florida,255132.9643886215
165576.04744102748,105190.77968225106,357496.53141542635,California,201800.91349673492
112515.29677971308,140049.12328484558,404319.4808539158,Florida,145119.95249957562
42624.54459794301,184704.12062886753,419631.490072528,New York,233996.38590630708
50120.33738859785,116296.00396052493,317355.9540060107,California,159694.303549201
169394.09907920065,103461.75906475369,305182.0114623343,Florida,197019.7304674884
205067.17851184876,166351.00710414525,517344.5425557836,Florida,232911.02205395408
231042.71477397828,86738.36579494028,556754.8148204742,Florida,287818.6706288822
142838.89718097026,157748.73776984162,199604.98032898657,New York,235081.17530225328
83078.04857285149,142135.9285771355,357950.51793164026,New York,229224.84212182314
208000.15436046926,110390.09814437412,188490.2135660123,California,198992.16901675455
139952.64748632498,148524.25632280146,564863.6959700781,New York,238462.88532064098
158738.92841120076,114509.59837908935,331317.8189018071,Florida,235700.4109811302
158385.93982806598,110230.70795012382,339296.10256884,New York,218845.91005567388
154779.2467485827,105670.4439914779,408284.861435646,California,211879.89819972805
137987.30536229425,62937.91809798542,287504.3843408929,Florida,228627.09825889493
159804.93800895687,168323.34760239755,192316.11547984384,California,206604.13730289205
112521.45349479445,-9031.294663906257,261531.50617618512,New York,243053.43176047312
139749.38206255317,143160.75308819363,505980.88086657197,Florida,260573.45731099267
103431.85567153958,49966.44017249113,241985.64355359686,California,218030.45860426372
166672.71824450805,131288.36934135677,570077.9439954942,New York,231118.02983541155
169025.11878220743,144358.87483810147,257376.92760874063,New York,222690.38626659187
233826.7347488705,125377.44514108641,365106.2095329046,California,159044.39839254218
134577.87015147076,61588.72736379587,449824.9551780297,California,213596.47737161897
144657.03889796502,78791.7991537744,360336.87841402536,California,282476.6336727226
74661.46529562818,102953.31387429163,216897.32225103656,California,252141.271086173
165436.4240948193,94338.04597784163,117577.64441281333,Florida,221868.78130779468
121566.09705413139,190316.0382722325,375566.54026502394,New York,259887.38171523414
192869.5924897937,120993.19097290533,327022.17346131365,New York,226190.71333561753
198241.30432220132,181932.61732509272,290544.967344188,California,153577.31470527235
202366.18101355754,165984.53733365732,345405.097212603,New York,183507.9588285396
168401.76109383826,141943.82390823812,384851.351778565,Florida,224258.14541115685
80442.90741123894,159263.19763079614,350941.09595992474,New York,265408.3853041439
134223.30007290724,118720.13359181523,479014.43347016664,Florida,188558.9777450862
153689.19149210732,114854.95468228348,315384.8311204328,Florida,244454.15819824283
106386.2653981485,62607.22099587502,273331.93762022106,California,202521.05353862143
176743.14288480926,150587.69004278668,144748.3850249554,California,235068.63410186575
132338.8024722551,115759.41600580883,420819.7439207427,California,223673.02283685197
115061.59143549918,188145.80788648885,462753.8927465533,Florida,178297.60699592443
131865.34387281045,118013.4032178602,476832.9870470228,California,292371.1729111229
168925.3563486025,207113.97882089822,226720.4882073925,New York,233372.1123409284
153101.88490351482,112577.89052835794,400733.6537130415,California,285603.08584922977
186424.4644039962,77857.6289815906,3538.117370056163,Florida,138829.54477648973
211226.69713356835,118751.05628297513,213967.04842734616,Florida,159759.05227508757
161989.35272471537,128402.55063831054,330261.1623830978,Florida,266201.3462201618
168640.40403330853,191135.1677729309,431364.2787789861,Florida,285552.1891393452
154886.13979530244,149196.3980565592,102015.42760384682,California,178493.23660256213
129781.36861474227,98445.81447786355,274178.6112222259,New York,189762.10570912622
119178.08655047501,129031.32312602871,284054.7238180058,California,305196.44062936475
136695.91433129305,81773.19459556536,286121.4783247975,Florida,224998.3818929907
170985.99285211877,107999.4786069904,434139.84436333855,California,205554.52597227902
164840.30487635217,152006.09996205222,320837.7541963952,California,179075.21152134266
123303.18058601636,106130.17500133968,278947.66788110055,California,249193.3777092415
122101.06666743517,133449.76795966196,115082.79654169417,Florida,218991.51266060708
164064.70098789904,216452.28486973007,353814.636181795,Florida,224588.59616442886
163529.65496427845,143137.55499551664,488612.5513436246,California,225108.5478047525
92427.16833009108,118412.25586856443,321380.2688910017,California,260399.43006408232
93132.19089720977,29019.003332240565,342894.6601947886,New York,226930.3841639262
179135.9271883835,92443.07619787898,279312.4564888983,California,184224.46806480983
187288.02701303017,188568.18463960045,241584.7585495651,New York,94591.04020401317
81487.75067464834,99837.47892362354,299022.75346907496,California,196037.79438023997
159453.1248893314,82980.02035012716,417191.119335939,California,228958.3510208374
112100.56934969495,152213.00042701725,534514.5749229811,New York,208478.0808391578
109583.05887252216,122526.83859593385,382529.130829264,New York,167723.28984099676
107170.56746955047,159039.2979686372,366514.32966713497,California,244806.92750337304
127219.80202291571,134215.00204847794,429453.75544394675,New York,224780.95565772534
110175.86938055922,117820.65990246423,470082.8351314204,California,223399.29004586133
210964.12788697882,158581.91303275217,169983.66089720174,Florida,125666.89489367245
124648.79864863405,113952.55335049923,362335.29111557413,New York,173262.2048805679
125826.9204178152,129074.42033459725,367584.5691368213,New York,214091.48419476688
184210.71955125956,113153.76705585439,346714.42443538253,Florida,171629.26611418408
153310.23764673792,174513.22207977253,187631.0915476605,New York,209462.3715317697
159271.23754726746,153853.71920043047,406630.48775376065,New York,141045.33742654824
107942.79107827276,146633.2784725003,222022.02995315497,New York,174174.7396184976
126948.44420369487,94606.49733590893,41479.35180159239,California,227060.21238730624
83843.39134940474,120019.63013814442,298662.64145074895,California,251957.0759718382
162907.46877439844,128260.06408445956,318055.24968991306,New York,118888.6962730883
73098.36433816352,106514.55054562571,368073.064510288,New York,258183.14302406114
129364.51110097147,167008.4124668967,247284.7933402859,New York,211878.7397350022
121416.82230425489,150440.05165328455,274891.2851005631,Florida,222060.66511549708
122622.38564473028,151039.5517892694,285430.2747156174,Florida,172178.62603529403
144852.22595425675,92517.58786701577,359489.9857830182,New York,222128.7770936281
141069.36203103614,174923.67167796573,455544.8577802156,California,136917.98906640938
120754.46311472045,53746.10089815178,223115.02550565655,California,251922.44041373135
139141.59653895453,124442.16137394143,496630.0368109207,Florida,199242.33641627946
135586.91487719447,60078.82169797404,400444.59983104677,New York,144603.4965661895
122773.91757564819,126224.29306503032,280556.6514848791,Florida,208044.417445746
111980.65056692291,133240.52931956595,339773.138665638,New York,220831.21850007123
169744.60664929246,123935.20454426948,236723.9262892006,California,237252.7060734776
156133.24908520543,113151.15379511873,360779.3914312237,California,162818.32410214836
160713.87848390834,155299.43036049546,228094.54571984627,California,245134.76491204364
107988.3629781854,52016.689463626986,381362.28797455295,Florida,189776.2017296891
177311.5234183391,119725.71991083522,435980.31953301874,New York,127309.99355249545
149540.62830486978,56197.61225182121,446722.4213318372,Florida,207711.9072519284
130759.65824514514,57497.743628100725,450216.3028174519,New York,204738.5701232911
148102.80641110652,159878.5245857543,230881.5298853143,New York,257350.0129011803
98639.42227382885,74069.11623771678,364341.6783784126,New York,154742.29840129093
159049.1695527163,146995.52688430317,233380.10483795413,New York,199919.28635858695
57475.52873112644,210414.25226715486,288590.09622357786,New York,264700.8386491097
122616.53324347398,130763.4486915661,195273.4633635807,Florida,225111.57995527957
140919.22151586242,128024.90647375198,293193.26597388025,Florida,229785.14366449395
107797.49057465697,128012.7599942681,474987.3117012213,New York,246082.42207770929
130272.42730593312,123402.58539589352,148627.2561583813,California,164459.00421765563
155469.2487090142,123864.21756727737,315602.754099749,California,202824.3254812702
219907.8967212094,50239.954659727475,226927.80268333296,California,140091.43427065492
111843.9777337556,114894.16827047533,419584.42367880326,Florida,189030.41223273342
53294.91299078366,160505.27007725145,368773.65318263555,Florida,213580.37835559284
182947.71176329852,194502.27258632728,577724.5029096154,New York,253876.07356477206
118458.08116926382,123309.63587098422,475207.25014662434,New York,204642.3779105137
75779.73008335296,167203.72951393446,459375.2095901718,New York,183705.29883463783
108196.34707711951,124383.97100640411,397711.62433190865,New York,177340.79019739036
178365.6351073554,165406.66878042044,369282.3801275663,California,256953.4384310622
180837.1302040419,134728.23880912884,478431.35804864584,New York,155032.6191512273
172452.9598169902,101330.01255539384,450138.20633049856,Florida,237471.91671946627
129282.04524288523,162452.13099186344,310548.17007799045,California,212639.6642466578
130332.0111403744,121938.71058334658,426455.55528748746,Florida,304495.71195467585
160739.64208897893,131370.0674274925,140832.73792363258,New York,163203.64815866784
100648.34362921776,122052.28978970743,237460.2696832379,Florida,113672.78674935391
46536.1741702679,199970.79947207082,400016.02587290434,New York,209171.82088522284
129246.35934012716,216110.56822115433,203036.1609018586,California,184278.1709568398
137058.4050777481,182834.5067140783,309100.2295416187,Florida,200131.04078218868
95911.41823969824,57248.53798958102,265909.9272494924,California,201954.79528827607
125630.88670785334,166517.21658152132,195307.67014772387,California,185158.6600362718
156444.4294050584,187149.22252683897,206183.50108955367,California,197888.68541476867
131537.5526380934,103219.77421597348,355910.9429005681,California,182670.44232926745
156150.76197774662,73114.09961773375,368366.0877229657,Florida,100640.98636625151
167288.4113443686,175595.69572134566,332160.3710043427,Florida,240218.62363591345
95679.05345350018,124912.92430787713,477923.0190445259,New York,238432.1907381998
109937.29129345008,87862.99116151975,171429.30104909727,New York,259939.1871046035
62486.15995419731,135128.22238141097,284438.4842402495,New York,263566.64099005563
193420.8094914767,60965.25139858152,238681.79656776955,California,206814.29414851635
139279.67222931562,137944.11491816983,290776.55083936674,California,197720.4430958022
128680.43917562842,101241.71914651596,280259.4131726984,Florida,269112.1972248674
156251.0602595126,159711.70796892984,362497.7660640653,California,215640.60189327606
94758.5804305634,163526.42624452285,222767.23636987022,California,270720.37537984544
154041.67680056908,82956.64915629088,177565.41564734513,Florida,249475.34117532754
169356.7545147295,183637.11356200732,360514.101887981,California,214265.85772252557
144871.07736086875,123737.26555316761,406013.5348861076,New York,223046.06561072962
171802.18651773443,94504.93540991412,119988.06669415327,Florida,262692.42943310074
111450.36843634784,122832.74239552648,172715.55961740017,New York,285341.1448493189
128191.65575312755,81667.27541515819,419188.5850902876,Florida,239457.30595920657
165806.96767344023,176090.7850031938,379973.18750703335,California,190396.05280759552
143767.77550033713,62464.89763489578,327907.23170424934,California,234601.66754119677
141759.79448873136,98542.75319968624,314379.54836060555,New York,180183.24851707573
118488.9619157794,127235.05961310724,340729.7845558469,California,150393.67577951832
163258.56630804163,169776.63230362613,274299.0296597653,California,262369.96769348707
76058.86701496085,153703.9762340351,426523.83920314646,Florida,203222.05451237503
132760.53794197057,217988.56165814446,382077.5883764024,New York,172114.41467211765
157471.03584382858,64316.1148478144,224798.43257225986,California,234929.33993271488
130008.833660876,124145.95128771826,253290.58232083463,New York,253917.27439995814
121244.8826635619,176608.72916076492,276667.18275433854,Florida,173177.6428712706
179508.17174918155,145893.8927604893,238635.04402815946,California,218768.81254830936
127390.26289958673,191585.63681115676,304518.608104233,California,236590.06200185182
63168.39181855584,166130.1012531134,293411.6658634017,New York,249858.43694499807
151630.7856021684,107610.5548318296,281933.78002996795,New York,140892.08159510136
160496.42263445715,104526.15211140043,361178.8201465728,California,244251.16235828595
161940.1997424003,107858.00349247239,180506.82294942572,California,176933.63001400954
95633.30959906145,113666.75210535366,306718.9271701203,California,204757.35538113126
113665.93113909895,40393.38782877859,319533.34291018714,California,225819.43536322407
185712.5720052285,134151.9149757851,351643.8950242609,Florida,289414.67786623153
113591.29046264912,113176.27543232773,243262.3966719693,New York,250268.33775796538
158347.55862668413,149279.55334615745,474042.2088454978,New York,191013.13928689284
121807.24791935479,119652.05247016258,377426.8489399652,Florida,200776.68968474417
39647.39899244219,168436.4383891409,358421.6117932696,California,186705.52779474258
119111.50191090321,190981.3940929193,296819.8792514572,New York,250883.4022914596
153336.30286377287,102610.09003550503,415352.85443322407,California,215658.91749450253
169842.03803791685,115284.88895239527,320775.74218563753,Florida,235642.7370057822
55926.27836271221,142478.58775090319,170708.97126110896,California,210062.49257940904
180219.0203235774,179024.93743542992,263608.97410803515,Florida,243518.0050607559
123501.14909498481,163221.74417681352,120897.86617097954,California,261219.55183563003
50296.07201037643,128377.44991768936,266420.5676021724,California,230440.13117673632
113102.33599876102,38859.32160572316,272397.23038705334,New York,178929.2133833102
239319.87398249962,159466.63400221392,207701.47106629744,California,277622.15898438
105969.70897849195,152304.0904103053,362129.57388758176,Florida,241824.15193685915
127234.86399446301,71864.46180421917,376034.8010673833,California,270796.32545026246
192211.8797358652,81993.47426462818,404036.0335995225,Florida,232320.35212080626
139294.2324781612,115025.55276392214,393082.05035185517,New York,261136.54376960295
158590.19505601496,189671.61685381964,235549.65966925898,Florida,196978.4344263792
96500.99447894609,155869.51393657204,355632.22468008124,Florida,223645.30298489478
119907.35751343687,94816.43498830756,213439.85099890153,Florida,215312.5746243152
162296.85134515728,124509.95675672012,446617.77917322656,Florida,221052.67629202572
143101.71190280578,128579.10608292403,375767.03365766286,Florida,202945.53588234482
168032.49976172455,70634.44407344621,269658.8796407372,California,174898.20051447192
189947.64745023305,150074.92397489017,314167.2991064852,California,237239.61047489132
162464.01332222184,152897.05581600286,209358.29024452902,Florida,220838.65290790642
99474.98673272734,92195.91013268873,364189.94381132873,California,193659.0323794218
125953.54026111044,156538.67523476275,458170.1908015534,California,217547.02115586522
97345.85099359756,154056.86137679004,433365.6792565471,California,145012.24611101556
183162.74353092964,92692.22986971388,228985.2310555319,California,263152.7613278718
139353.5429724145,139159.8786983283,199232.09435002666,California,188798.7924596243
214182.21367639146,93037.52613735596,285260.8282009649,California,171749.03105442968
105861.89888129417,139674.9184940282,454145.92427850823,Florida,223065.71809906268
110478.53465726353,112879.04053666536,297000.8792707798,Florida,156456.24672474276
174964.5364934736,115882.9607179867,476480.2373410263,California,222156.77809184877
109197.6241901802,124832.41804400494,152556.9918531783,California,200723.39771905696
181999.13109763685,90048.45289479702,343537.8135068527,California,184403.30973753164
163383.82940956915,51304.30230587405,472484.5101001895,California,188530.03095633342
104849.31286653422,113072.8715581081,231838.98222378278,New York,175145.35089504917
78521.32358257749,125603.37878484526,632548.643091708,Florida,180746.9362538642
146246.86674193546,132095.5855422225,380800.66604493966,California,236704.25345248732
127716.32035441074,194091.61240599782,253842.87526069186,New York,232726.90231619144
122928.0919958175,97139.37083410274,287768.4481984575,New York,236104.0219920841
126084.70564421314,141320.15806522724,285760.8358448236,New York,198272.51566006592
147474.35551239998,114899.99213595236,492543.3478287845,California,225363.90669258373
97592.54155845073,130891.82089715643,226715.1248404609,New York,211990.16096831003
109275.935514169,112534.84148459762,419659.03630256094,New York,195022.2910283447
201651.82708967943,112662.58448848252,266854.88660178345,California,135961.53201341105
178429.9374093344,189780.23460077884,454085.992166147,California,195672.25998705998
67476.36704202862,47592.37274275019,188039.4366651072,New York,207196.24150404875
161588.29126201148,87726.5385144087,338094.8722990839,Florida,222522.89446103247
140033.5481172898,50257.47243534743,450703.33626905526,California,222396.87488754146
158127.53676038183,146175.49508447305,335831.72043431294,California,204798.59539761033
158532.6109865566,54866.58018784218,279785.5998416577,New York,210834.74225577127
106946.84380463892,97166.93230810175,262561.30961375666,California,177207.30403691507
136531.11284227297,145385.71507251373,140719.795850091,California,125985.16033202753
134457.368291002,131619.9304094201,168324.42901595784,Florida,212758.58602273779
135322.69423815334,113270.38032536677,320953.8554522149,Florida,187224.18720236022
138875.33161553947,130397.51449749639,369956.543553671,California,245191.31256479383
178935.59763990468,116890.5732573669,245339.19832151913,Florida,184383.80356301746
119064.69666239509,137334.23032882452,299280.8122180485,California,241887.71758509876
141665.91387227335,133408.29249682566,178951.00010698644,California,181927.3374484939
72434.60620646662,113497.21456963941,482708.7599570863,Florida,188125.9817675338
115434.06581523098,169187.90369811613,268831.72029809596,California,167882.72220096824
122665.74270172516,174148.3894684175,226692.99156913583,California,154854.1332753253
135602.41315097074,104905.4133694974,357679.0161961774,New York,219290.825319243
132834.28296477167,119477.4499481246,311318.41203183495,California,196357.64725350967
165715.7290857583,139074.93202532092,114507.28516867725,California,190006.23876442225
162959.57786846042,107184.7899555804,497607.1731233879,New York,208284.229615773
156822.88451654132,128438.05773413146,279058.90745990607,New York,167318.25045239102
132571.58558003063,115726.0042863226,129889.13345003637,New York,233660.56267494764
127273.33233079498,78937.71314031363,226397.5482320977,California,190581.1250662441
179101.18114610203,136879.65359330873,164415.85456647718,California,167370.16681134744
166735.8389380134,49829.64353737535,-23620.99650788569,California,183453.19776837275
157153.0909503653,53036.46777140298,111511.92578026466,California,200970.43360711847
80142.49571545896,93731.26829953174,357143.5871298902,California,144728.3912519042
167543.1615646308,42839.76665054618,322500.66318869067,New York,301518.9212008679
161122.71385745468,157055.13163733043,153195.74777928868,California,233053.9423992062
130565.32894395232,141388.80625560237,257984.2833311546,Florida,209216.22823996394
179472.23197207463,93253.82167502443,181627.5724714235,California,243248.1234794304
85741.14357287111,129237.37320412378,354402.9882569021,Florida,191249.85712327764
186255.41742381052,98889.41446659643,518063.0913674459,New York,260863.34895778535
92137.1407948175,23574.261581500075,164371.17318936784,Florida,217841.9622839936
166687.34768006203,176178.3663724733,-14139.204230522679,California,287301.26282606914
120749.72406788004,126434.65649245305,318011.7570094717,California,224912.9263589065
121697.93025717615,124570.20051656316,458793.1746513095,California,227301.24600205856
150954.55633701515,134423.2451208958,319103.3796494133,New York,215590.46910282128
99344.53495237225,102919.36679218258,192243.16885703953,California,310538.02675782284
152986.8527372252,188950.9397791475,81127.39357082744,California,227831.42746383176
112940.54789606913,154509.54255612224,396311.1373377738,New York,194641.9238902679
123095.00425815447,185886.90156143587,55953.89082657528,New York,113466.53062289086
172306.390550996,137116.56777341693,322946.51224480063,New York,283912.7224537263
87924.85540474953,84595.55457545345,388998.57196321676,New York,190049.3420505603
119604.47938088722,136883.97519602656,435920.0018565778,California,213842.07927794586
156038.41085821047,166522.27629818962,298162.98872152704,California,173549.33127419054
232381.10531578225,118394.40293008495,288030.2294696421,California,266717.11632067
160500.4897168842,130205.6804728768,349034.70579651627,Florida,300651.5272482716
135368.33603988166,42613.4421986135,427535.0116473121,New York,201082.94410999556
121140.80241726885,205414.0529153117,507279.2972028145,California,192498.48573661578
154953.11151803224,68651.38054407075,441606.1239213515,Florida,173664.00125469585
160102.93064880572,176289.83155772055,252704.03584962623,Florida,245154.90750287747
164038.4428030018,47296.79501311628,397962.76287338836,New York,211696.2574304036
82814.36709914284,114174.86838711202,390655.46947970643,Florida,245365.36170787792
149640.62935164242,103777.3476010466,324452.5384158145,California,257189.0545346718
95792.99701588915,181349.37952939767,388381.29297679104,California,262688.8620142048
105696.5060708519,178899.57166589613,364236.655031384,California,260231.77603754
175845.7869339931,13565.862725507453,244511.0619853424,California,166861.08807704278
110938.52126933668,211758.02943090472,413434.3313786079,California,156657.70575240115
119327.99000464859,79754.13577042229,313910.45463327644,Florida,163532.0330066563
200916.25542874885,103698.5012576531,237635.5799336373,Florida,257733.59770246473
169138.3925123717,215955.80406116566,335031.05938414537,California,245539.61493200855
221977.34958099472,73580.57440305845,290306.5763709515,New York,251208.31220183615
182173.79848323122,166201.8633027271,296925.64245925227,Florida,252658.74938947635
144843.12241690254,126877.35193436238,179140.8634851566,California,209735.19209772837
165870.83824078995,88438.05562386019,417486.4396308282,Florida,180289.20760737974
64457.65597758819,104511.8190200424,239684.9824497754,Florida,288235.4938925188
75882.942370353,95172.45217293556,193432.1161208808,California,228554.70128769314
148181.12258484683,206639.6884209109,274082.03965205885,Florida,94930.77087616459
95062.9229791158,228517.18352844036,251053.07962469727,New York,329659.1641471842
188645.07000703452,19891.352860020488,474903.26413563755,California,175295.626563788
96894.5200916716,161105.31071012723,335151.60933451867,New York,234283.20776778195
224583.68489664292,179330.4143045113,333226.66979545983,California,164440.97197487467
158737.80448970306,90021.81556059749,254441.85820841216,New York,186763.11607654672
85747.53400552603,130702.96741187455,426721.6554690071,California,200912.85340300607
74432.87030572494,74259.35609265839,397741.82062179025,New York,160605.79003058645
154960.98015967835,130130.931530886,378012.5035011666,California,247496.58568957358
144001.8539960132,90852.11403686763,262471.14221612155,New York,174264.58536906115
108001.34678607865,170668.16998619967,436624.9314802443,California,187560.26672327003
121210.51619913802,157783.0671362321,214235.51303775894,Florida,263371.0042437133
140081.88355726036,61398.4914473557,443283.6575856238,California,156019.822268435
121206.40269647616,125732.11554197608,684488.828192526,Florida,206370.05068023448
113014.38313210015,93101.47813433057,368326.7514426181,Florida,244037.98382203944
152825.58794378507,173111.72445495534,367231.3591007428,California,301243.319909928
73600.87478798174,247985.1528612094,346933.9420313973,Florida,141275.20391453843
185083.41458316625,79394.2465858008,284821.7285017902,Florida,226037.50530814743
84906.34423144063,168791.99467092723,145575.88816162673,California,190691.04923197726
196048.4490394974,74802.66750211007,208485.54387196206,Florida,190441.51109616214
148086.13538121755,130892.70054334587,168847.43707592797,Florida,218646.5625810617
142248.03691129235,142936.01751143346,249113.96196194,Florida,192841.56566016388
119570.90769160766,99534.39666828833,393130.9233220989,California,125821.73618848494
61676.5397552916,126882.10865606995,265195.023191151,Florida,165762.32344918716
157668.1684921434,130618.85563075932,434139.3134423883,New York,224344.01939416054
115774.42499802502,117124.20360423581,300690.6986468203,New York,192995.8100194234
143311.00410061644,84793.44794097355,242295.5606230261,California,217165.23075416745
214525.21931807164,183027.63282252086,503115.64126415586,New York,155052.8291397724
159895.4841496074,248653.74436629878,120409.88454189291,Florida,211400.47370548648
85114.82435467627,146631.20745711357,462452.56750993716,California,255180.92741468633
191202.51477574455,223544.0349076843,233680.24783931614,New York,212665.05742598156
67938.57292649052,95880.48664623288,306755.4796530493,California,120192.37086034942
160411.42113098776,189751.48970383743,124088.11978877612,New York,200294.5235893366
108314.15922436853,169530.77479865533,463648.1264754218,New York,217019.0658843643
145352.72622136894,79641.96748473094,278589.0218960823,California,249018.38262688968
118720.412954573,132770.11026346625,237459.3587963031,Florida,222850.89530752818
113846.97734980291,71551.24330609886,162294.2561391215,California,209407.2221819043
110175.91170031497,160396.52850235763,395671.9073645353,California,202726.1598827869
120898.3446368909,243371.55733496888,469140.18684715667,New York,254286.68548651715
208027.83288472675,84730.4980460334,360947.24563762755,Florida,235065.42919331498
163249.97472135173,95310.84746861743,338794.52075545257,Florida,268205.5297770152
87353.59319241779,171385.696150102,7413.703198355273,Florida,241292.74966365716
191357.96249723778,119709.04177935274,379915.69490393036,California,237737.94066914287
85704.64024096982,102349.06517718664,448495.316197738,California,203179.73294176025
187285.89861538826,124417.43254221001,329033.5947642461,New York,169243.00123403972
192820.19428875105,173689.2772262522,395741.59541057516,California,217500.80499540354
145858.73474740094,104314.46303215655,236353.79987544927,California,150923.64844070267
129343.05153567792,119033.69649639924,253095.57211983018,California,214736.07080200955
132910.2871080762,98380.96209794102,422037.2805398591,Florida,190761.09821688518
175941.63568153157,91559.35727379163,193541.61749078336,Florida,213473.6341542143
124619.07131833027,201624.64512608753,450065.122654363,California,106123.42269031439
173577.74294906453,110134.49837358459,484223.49022476654,California,207863.0924506879
129921.96723002673,168986.88817798474,357132.49910566653,New York,236227.38393564144
97994.6708297572,169426.68675941607,286283.1552740996,California,187305.1372484468
110855.47733692237,133835.5916786919,180267.26887161096,California,205021.9428809633
126776.97892921913,155032.94942621118,86054.40711586393,California,290610.9255239531
109293.51042678519,146598.39765652,232515.33583115105,California,225720.96888827454
127149.64918307659,143784.3526263425,316590.3836273943,Florida,270666.57235816435
97516.53744967323,135510.8439034121,205760.60055488034,Florida,193574.4627319759
192465.07117315527,186590.85185195587,361905.244899605,Florida,236148.3399268579
158596.4856518564,159694.9740509185,446130.91461581114,New York,267210.00057585386
101507.53364783333,124326.45848327872,282306.08444346447,New York,147580.05400062303
97279.91621007724,129422.5159436124,322407.4143837503,Florida,245326.10182449542
167014.525279601,81603.97567858014,293029.61877859023,California,211102.13939795538
101212.40593182575,182160.7155134378,279145.6932261388,New York,230226.2421875503
88383.12923853699,146546.7816837756,371193.52008822217,California,175082.28778207168
85648.55851551797,138653.65949879566,462303.1596053825,New York,236433.49955564438
132298.16362324022,83249.13161083721,383418.0325951489,California,245080.58433641994
167596.19131564925,183052.7385347709,213484.55892890535,California,194928.01793697028
185455.4898792051,40765.34142173204,235634.66448446244,Florida,203086.86221332237
143955.47995096596,138794.22911836446,336777.4237092518,California,240235.99507372532
152785.42757638643,97451.10433422067,323584.9824475186,New York,230788.83436894047
110568.7193217468,96859.48405950537,190208.60682026716,New York,278540.8690414044
142419.48398584026,61724.389246989056,269881.6295008293,Florida,238525.2692294414
75231.15506818738,45660.69922017718,338281.40349185985,New York,266304.39201951586
123504.21860170885,101374.42920320078,403091.1225355887,New York,268282.06619111646
162179.77087531064,49253.04073615973,319789.48084603617,Florida,182356.4807726135
136612.4801500413,96734.95364149056,406854.5141627423,California,217407.31033082536
108157.0939947055,109799.29200775306,406535.5929059885,California,233246.4895500086
59440.381098885686,29814.644066956942,292719.8792315088,California,239326.2126929275
188850.63832752767,95540.22229917531,305549.9864038274,New York,225474.38999132975
110990.16588728497,163614.05809452312,273642.9292702886,New York,314984.609807543
162602.84561845817,122725.40343432217,248674.99666317698,California,247114.22996670924
142142.7905926817,220485.23620453425,273817.6922386522,California,237822.9507887388
78548.89305714161,162267.51816727844,451046.21940022404,Florida,241819.515098637
179555.6672156529,127987.62693450945,207276.123159334,New York,216724.4634652669
145861.41473837543,115637.606264116,351840.5022232133,California,207519.19981796437
203083.2467580111,195478.0003512296,164142.24005454587,Florida,234193.4507673359
163059.0768232718,121333.7799008417,310634.11606254795,California,252909.38776351843
85512.02108278393,187991.86171228532,195034.0083473167,Florida,261572.8738517518
62116.704499821964,120658.86825046284,417529.03633984335,Florida,227826.52830536925
105897.31795556916,194045.2597807988,334053.3888587696,New York,157124.63927986412
109426.65433453213,38252.67352254338,225064.48355443453,New York,208860.24132221832
176909.66686660514,159237.5559584137,259873.4884716394,New York,256058.89986207036
104587.06167854094,108239.13121455874,334899.0939944909,New York,223584.1111169526
139810.3939175021,184622.7978548908,443202.9170213723,California,213221.4377107322
191934.5093731111,89916.43926954758,255818.65869455354,New York,232621.46245100253
112197.88042346097,175934.5034245163,524215.5025895167,California,200358.1640712776
177935.4468233972,160710.72959321167,166629.05979764636,New York,213916.74532353008
166670.39651346387,133964.3884016833,386978.59268154495,California,274542.17691770324
119565.0274474742,192986.17448164118,341149.4469975066,New York,233989.32884428938
107672.41924739078,165425.08066507714,500611.2454268034,Florida,201790.30316401974
43940.1776956815,102828.14916522295,256698.11494572923,California,224695.8810630923
173442.19062391832,-2957.2108035240235,233971.13717556692,California,212711.78828388214
134775.124764344,176661.3735622121,473850.73324183206,New York,199666.33802802846
187866.93019234258,150189.11928581062,338567.239474683,Florida,202917.85738478904
42001.41081569818,98641.09375871808,331872.8687525488,New York,253564.0843972084
152356.6967993838,24546.910689939483,256994.31408336663,California,153774.31283026357
31081.600992970227,152601.51001839887,339354.06849778094,California,203289.3004024135
133024.03200456375,85932.32151846483,251248.94615014305,California,184807.8705842843
113809.80344164246,93385.2010939759,487269.1873099173,California,212042.68329897252
115058.64259152126,85986.01094677506,400669.09262441634,California,256323.6787142603
133153.4789558782,18427.9879416974,287313.68797917047,Florida,257808.2127099304
134829.40389195931,68515.2142576689,375040.01110712555,Florida,219858.36586239218
73549.88234720106,200319.80995354042,298028.46283918223,Florida,193488.8001129008
68676.515214685,65666.87413156002,494097.024787571,California,256917.4784804744
86383.62322419457,42981.313849146696,164477.04071753978,Florida,310688.07223890314
156919.5980757645,182732.02546699636,216301.27501725696,New York,162790.06223255373
211250.17198327812,162165.3832894173,200445.27526499872,Florida,167564.42989416004
184209.06374860037,151654.32383878052,102469.33071348708,Florida,197343.99338132626
89051.35807886286,144395.32509792846,322352.6212084088,California,199071.27282167284
64635.98303958835,183257.55314041176,185896.3280177149,New York,232134.43681517203
118706.39890098784,136484.02298775924,268327.14375705103,Florida,180954.65694157593
175364.62207157156,183124.87627108674,573035.7419180019,California,235708.7663844877
180444.8276408483,137272.45077459406,251026.20233548756,California,217552.28909837862
130922.14592170298,85078.89520053889,245600.97266926523,California,239455.27428803183
86780.39796664138,136313.22565045668,325793.6687360972,Florida,213931.12207448657
143028.88890653334,127155.99656603867,512607.82766786596,California,251128.19698670626
182996.15041725247,123188.60178066489,211624.98152591393,New York,185735.93586404092
206593.60647655115,203913.83982513385,178625.77721263006,New York,156637.0558597113
113699.44987950544,133530.85681572068,424116.53476456326,Florida,199417.9410263573
214748.53842156354,174566.01281861408,441803.8257119083,California,197427.4551872443
112798.08061183162,121008.1597238356,374634.8002836743,California,273829.6530702998
148435.8609640406,151660.60195971685,310814.22760657576,New York,212468.26377132992
138516.25190141576,164883.9721327614,377711.40416386136,California,231158.18003252315
144509.2439621347,66320.42877182557,294775.8271854513,California,252451.46919941285
183513.06164325195,132393.6183543644,349857.15644235123,Florida,217153.6265925617
163444.27886199334,95636.15327558166,160576.67821576973,New York,200513.9559683473
187501.50903348843,90090.43045598429,239787.5402010067,New York,191322.39891833882
47439.58458321181,150948.09009876152,374220.56086680683,Florida,214042.48934935997
129232.98227289125,159606.78804926982,121054.17615917616,California,211673.37093784774
100268.55910926091,195274.3568225394,345182.9679725228,California,208203.7791938978
204942.5821075784,131388.56777384243,205521.34373863883,California,201388.87877734873
95826.00074639142,236756.55733335577,476999.4074293622,California,173394.58538674912
156705.7993184499,175874.73873993364,242505.47461729223,California,241474.7057288331
136902.71598448278,80696.70090317694,469830.06859417143,New York,221462.15070596748
242236.4447937137,170943.23857042982,382137.5019921696,Florida,163473.80464394158
80033.77101308721,22973.636762127848,472436.7213267068,New York,300725.3717483515
170881.6284473475,126467.74546398065,357282.2679233403,New York,238420.582199782
202602.9541581094,102620.535531501,223844.4725302158,New York,188044.95178812518
167630.3387391307,81497.94658661122,273158.1144929867,New York,236365.92719588743
148615.3228666381,126948.8930422862,206191.29218795535,New York,177189.5982107099
153414.96744660087,92388.3944525586,319789.6327660565,California,138432.2473956085
216306.62778298094,99483.18074261908,458491.7203735597,California,224440.9502688037
171339.9198732518,97930.98846949876,417700.1772198538,Florida,271046.9650734646
109851.2268406049,97000.39314053097,125684.92832743228,New York,189431.13834293024
87844.2009127247,192367.66349377288,312079.8373027213,New York,219524.73530876404
103911.80756079052,98899.89792991808,271164.56824089505,Florida,155844.61197372837
183573.57097262455,89226.35405662934,168843.98043330727,New York,239899.3704757225
179750.48363229178,74523.74067249596,232216.4132392787,California,198665.43591403903
108408.52974539643,125216.27573169356,435144.39512683277,New York,160795.25224251326
75112.71345591816,155542.95685324562,383588.0283944061,Florida,249834.57876019
115664.99528406814,158575.58563067392,190612.54709252564,California,222163.2956867768
149499.1055081559,167714.32463742184,328206.5118708501,Florida,259994.61404855998
167548.69745357358,159730.72334123863,447659.5675995087,New York,187688.8135412377
114492.60406109266,95007.08857271788,423854.98083669203,Florida,233604.21125309638
170014.25463525136,62168.36663354396,279368.55098803615,Florida,306144.7142516456
119279.81659341347,144923.30754296188,322086.6199409848,Florida,206298.61428525715
147782.44967769543,105670.0964296709,272412.5480812279,California,241514.5024530122
69801.9827447582,158393.5277379629,296326.625915451,California,152350.20449996617
186950.5312156962,77251.24181887327,316339.5575576215,California,189892.44474339992
134657.61113671193,126466.37130535858,164991.60874615787,California,198008.0430550639
149157.83503032618,205458.80339178094,551666.5410433719,California,231563.30355872374
158467.6543545345,206470.96353434923,169341.42239628203,New York,239590.58800341462
107886.53819395957,142363.47752085305,287310.25242005195,New York,249056.1703520182
195653.1341055925,136469.74831253954,291253.0487815364,California,243748.6355644195
67965.22645461065,119515.99066969288,161612.63972089076,New York,264449.6788528917
140935.96169741786,119529.69662481284,437766.19843421545,California,237030.77621425356
138037.43544136136,60473.74657358356,383685.67177768075,California,238917.50238927812
125781.22049977265,137896.36259549423,306412.3940782853,New York,159075.3918450758
122191.24774263383,121145.46205038112,187429.68222996316,California,180564.56734989845
93735.71437390332,62579.57308540996,250588.30048984938,Florida,201483.7787053672
189955.96173310507,79580.91977580384,360307.3841282719,California,286781.22667643626
140593.97176827356,162670.70601602987,303119.11528459616,California,214827.2398658963
173790.76173344947,166838.96578265284,366333.74960253923,New York,212900.5788945765
167850.40180639306,184585.08857240912,193299.70090950868,California,203336.68668943283
104826.6547249927,134006.76507623182,355232.06872308423,New York,235319.82334259595
149623.12518321077,164986.67239120134,510208.94445262395,Florida,260841.25790005582
89890.18024142165,164627.81152160623,186947.0969844014,Florida,175113.96639187017
82707.55359366434,28633.66794783855,354319.7595437769,New York,218934.38914366227
135430.93611025836,140506.60726696995,364397.1774745942,California,238785.67437685234
208183.74953754258,172919.7550168096,315162.46440689114,New York,200629.02464310976
89795.25515502314,116181.53917591488,393389.987352712,Florida,216367.96538783165
151113.30123780752,161535.94654816008,307281.89889840584,California,199247.0042751757
74686.55529445823,136941.35902644965,302499.1805544488,New York,242172.47614397472
189249.9829089113,173449.71486935616,120783.34756120248,California,240144.61547414432
133220.95931567124,116051.40652678005,306771.8817004791,California,234045.58845421343
155635.9757055645,145179.81239805324,110777.79736608252,New York,240465.58811614805
86477.41113703056,228513.02843773027,198825.7766894311,New York,204819.31305548263
85059.27326452601,160517.45049035526,304237.9220290682,New York,186142.82452723972
150918.79452890047,137905.55073707883,410810.5951365344,New York,242627.23732939057
121739.54380967352,101860.29702622462,243540.56780946258,Florida,75211.94685081198
142842.65877482976,179005.1220897824,407387.23054425523,California,196322.70754590727
198267.977802246,235858.64794124366,188526.31454424618,Florida,238160.0286467951
180886.965858083,193250.31786832467,358698.51448034745,California,197657.59891501782
229533.66904056873,55489.208003692635,442685.20820271433,Florida,198948.28818768065
187717.86280952772,192713.76277928505,283734.49391933106,New York,225881.34281859567
122142.25574933119,150272.4454200531,235846.00255898872,California,212535.91295211142
85266.45311616367,154837.93449936793,354845.798561736,California,234629.06773904833
200187.35019835603,72270.99905923996,396737.8104399778,California,254567.7395161161
130427.45223795244,186869.52133118856,219816.48581870476,Florida,189866.07624889095
125247.72489901862,79029.11343401483,353606.1457002504,Florida,235128.37678404554
127460.52584384292,132441.99961043673,264650.1646996805,California,177200.90367538616
168017.81570746645,97706.95735068916,172358.39656752616,Florida,233103.11626492027
154210.17293635936,81983.76289089056,177667.08953357235,California,246364.31480408023
138001.88292996318,125117.1246182532,532896.8513264222,California,185418.6676827551
156289.78225199657,96083.83330651288,170252.77783134286,New York,251478.9356468009
110812.62131714384,89194.78705400514,420219.96871236677,California,237163.16803072928
128136.33732409385,41495.0219536199,147814.8969111726,California,219574.82292471305
92645.91798301162,193396.06344924748,153165.43281318658,California,219339.82584261557
102825.98593041574,189353.48936195215,208555.18596672156,Florida,209332.20285729555
70251.53082611767,122255.34542165001,157443.8103999589,New York,220484.0636766947
79111.62633560627,133966.52817812987,329389.9027601214,Florida,238906.4605806809
153461.72846062636,108068.566780072,341983.7624945109,California,197337.5312949899
96509.67894006478,148017.90907899305,124722.49635821607,Florida,207139.31916258033
129183.63920297613,169664.6468364038,213457.07111983397,New York,171166.29578819283
116122.74642016213,165103.23011281053,393175.9471210422,California,241156.36488673527
108989.41940400789,178396.07368247095,320505.1823743121,California,123501.91178453945
134912.49837574986,137724.93134099554,434687.93070331693,Florida,222000.19167593436
120210.24784188833,115170.31412286538,251420.17930023285,New York,227100.84810798737
177513.96834772747,178041.12323332523,144645.57291218833,New York,228319.2276517245
100023.26097484263,153999.09880285955,165681.7325621759,Florida,212943.02198958033
80173.77070300955,131410.61489485184,288254.76226326876,New York,262640.53470467014
112021.26974862989,141921.12219865568,483018.44482546847,Florida,232434.45998830302
148951.34825335763,48697.144650258095,309216.2193595473,New York,189409.37454786117
95993.56118950644,4001.336504498322,284391.0739178179,California,271316.7540162695
135636.46803119103,172831.02610426766,304815.75644995196,Florida,241463.98125803593
185047.17339779498,214693.40426212054,308193.40856010705,New York,237864.77810631588
169555.5513590818,18455.210392071167,281466.2943528317,Florida,254982.98635615656
163119.0307139771,120906.64448495218,359882.6536396978,Florida,213176.20737498844
131405.97105415098,158927.25353209255,550789.667452735,New York,253088.24193530215
179330.08105384497,164371.91184375415,261195.02639182264,New York,250053.6296153985
126022.44271156032,144076.1450157375,365609.8811481753,Florida,188175.16774380565
88291.38419692189,76576.48760614029,347093.53549460066,Florida,197849.91221289657
246819.77085228066,211058.7300164842,362120.95832720527,California,249785.1517823358
136020.98758020147,125069.86647515268,360143.60263032536,California,258744.7630030075
170990.7837067601,117131.20811100423,373417.90724737087,New York,184023.80043349534
126330.89241349189,110581.69325743365,282441.21371698193,Florida,162006.38209663072
130224.44812252243,153286.24304002462,77994.83380133598,California,238262.60655403053
144026.54120640326,113641.6069410357,230102.81178403954,California,158968.02525323315
117978.68299774994,197352.9801234241,292071.2946151375,Florida,184842.48758039827
88729.96614638847,84221.26603712574,133151.52617925365,California,204364.77703552434
173837.17103520522,86139.26829853973,318996.3602632833,New York,279459.41196218395
129221.78502081017,114081.51010925748,313408.17174974846,California,269178.8833094272
91445.34189129023,161943.67234203947,447200.2431908301,California,204403.82287153046
114123.19591910952,63757.45035960458,331268.31997920637,Florida,219937.01968704775
130340.06481660047,123215.37974441188,183371.3040021842,New York,243506.92551334974
130201.608183794,180355.0173167767,255119.71412103725,New York,172826.30518743256
113107.39365548294,86000.09717286882,128771.4046613459,Florida,181087.45501663626
125236.32635015677,180889.36440342624,312195.83983895765,New York,167189.8736420894
172899.1737225775,118797.87457745329,298491.49556706083,California,228156.6541152154
202319.3254563142,126846.44626111173,381306.593725476,Florida,227326.81797663483
153097.60647830402,121338.96388118177,308298.74860760727,New York,213956.25442598163
97512.1538161082,130872.34378208994,252404.7505602315,California,215164.364877957
145187.4989706119,100232.38361776882,301303.05162985955,New York,296355.3050486326
151676.86885911346,160724.5044266814,347547.3166555214,California,240149.71179663256
91560.68170101578,213850.98431733574,353526.59230760863,Florida,239682.16182049667
182067.58507674007,120926.5643714996,247746.88441358454,California,189163.17958339737
43464.12051410183,124844.21250674601,173930.36734363862,New York,220096.19186412817
155087.83333914046,84830.75473462898,469675.3203966736,California,211282.0726001176
110278.75162020358,42286.53920988644,275069.5083419051,California,171716.55121940473
129524.7561601045,165335.33791886372,86391.45857629125,Florida,234926.0962649423
168088.66325956653,86189.35606771344,201411.38118370064,California,207612.86793679243
92066.92014410853,126957.82575376629,196493.86841649588,California,203382.54927285863
100915.41047570523,186374.1415999178,195165.05435093492,Florida,217337.9443746893
74932.59445639356,68556.77562728885,221045.72280847924,Florida,196512.84592189227
169444.39427126147,142621.16892227647,496821.55073718494,Florida,222881.25878412102
114312.16321449816,152874.32698973414,160064.36421820894,Florida,244897.71912847614
181018.84576254812,161838.7752709646,266275.63798802113,California,205185.14539234655
171105.48394345382,150828.14078539418,501367.71157637745,New York,284322.43837613845
81896.38636542179,164765.06448128796,350114.66129922756,California,233029.39435355578
81902.705223308,103979.12428325349,410709.3352213573,New York,220311.33909439377
150510.47382165454,136578.36155903272,185754.87633290398,California,198299.94215415494
143519.96790183548,174615.21329188012,299706.260695381,California,224316.58361251128
218299.60046266136,99762.62224915366,107268.90663335132,Florida,236258.2275200096
140503.67555822057,154582.56244723924,216464.59379321372,California,206108.9407948565
100913.17580750861,179774.55524665507,371255.7815698552,California,291278.73207741405
104197.33261146044,137435.75854969653,201160.36864562338,Florida,188732.64346181438
118810.32936245063,96700.32575112037,285138.07335643255,California,213716.08143669378
134784.48329339584,134563.68943612394,189084.66451571984,California,260837.83479727394
127492.00491918898,88366.41653110768,327374.93817230477,New York,214038.50860952356
61262.72153462448,113851.26440002341,351237.3004396346,California,210075.21079588376
132188.8801612665,97704.13805721594,387427.71957174456,Florida,239929.25177932682
142165.85655867166,73759.3530952207,296557.3621815318,New York,273928.9253989838
33673.74453272631,280736.8431397477,386519.1953801582,Florida,205093.82447983374
116552.61662444501,186228.18961843697,423302.8687996519,California,157114.39820813524
161264.80863014533,140962.41794215475,424517.76541346125,California,120137.51058947496
156131.61829891324,137915.66530649457,509180.985061954,Florida,183805.1259610972
99925.98921708454,138087.33479277368,253546.9290809484,California,253854.49585016473
157883.40949205286,125249.76738721809,244852.02209836867,California,178579.30602756116
159449.41371818059,158686.98865503477,396663.6774614143,California,253220.40884147547
86895.66592718849,149254.61318862517,332002.1945151831,California,219826.28538950824
167890.80006334314,141777.15413525337,289819.0788948056,New York,197575.35771737454
150029.70449395484,129071.37649548292,548108.0801753341,New York,162195.60063295823
139695.8275945688,169599.2533203624,500021.88472932344,California,170621.89206571318
143608.4942997154,165608.5604535567,328019.81596968876,New York,239749.88868471672
77348.1985105089,183673.57624810154,309184.1940366642,California,187340.50555883683
127433.06128054908,215782.3587740128,226394.2050433979,Florida,214566.81461864218
251331.56244235186,145310.96129781884,258496.1683723575,California,185956.0062925758
160747.34583290547,205980.31018387835,316738.2176501837,Florida,250739.0045270731
117187.99195324065,199606.0136694996,256549.00735883342,California,208029.739265632
115483.84454215935,158726.9244213724,188779.71369010303,California,230602.31733954538
126757.03203433636,112163.64844371608,298282.49908031436,California,282906.88972351234
133433.7755712006,172886.14728475703,308659.94141272845,California,224684.1445869042
194970.23084841814,169564.55879496015,374168.1784866554,California,233912.58645477798
127014.14582835892,119785.50243999006,257886.7225350454,California,277151.04675182357
158465.8468313737,167844.03616914857,404416.26059634716,California,281311.07631080266
149800.3772976037,97753.48917008449,341194.494143309,California,216419.04013110697
173937.33332138584,66108.33909621138,345662.6892554517,New York,216883.7293100683
119348.92531688148,164753.4116693529,324709.28364151355,New York,178839.7241311822
159582.33136978376,194146.82173175528,375770.0152514839,Florida,187577.22840979567
99966.5144521149,125325.92761811557,193189.66922973434,California,204319.50026613168
101593.16613926349,118828.03099679752,494290.1084529137,California,154767.99291026118
157854.40720474502,47253.85122572922,278223.11275528534,Florida,264378.1687406814
91775.31979508595,158148.21495577678,269036.4882835663,Florida,183614.237837177
95377.87965525912,87595.57194706221,334828.84838311386,California,226079.2829097152
160512.11328299978,142969.222344828,277759.9327296673,California,248547.93398048094
104774.38249796844,159938.71221377476,139743.95485889303,Florida,222074.9343372523
93103.57036270335,116364.4727091088,508312.1905951076,California,161160.58001589312
111667.69982275256,163625.64479183807,285282.82514656923,California,177301.97146891017
146228.20165683364,40466.930138947544,408830.5360335164,California,159029.99084973475
179470.95159252756,153708.29911580813,572378.96005806,New York,182982.236524871
147217.30146728538,105096.06196824452,301813.4071444834,New York,165355.40623554267
159308.6627377926,165995.7219754534,380658.3264921983,Florida,142819.68332146213
112316.7778059866,147084.1996081223,237437.10725549608,Florida,172120.94363610554
134400.32124356818,189340.7037659125,228056.6815577811,California,230390.19892773652
96445.89146937316,126538.31793890444,394092.78475274285,California,228824.529203532
162645.94084713366,139457.60566246515,373686.7165760014,New York,182771.27682287293
182715.61478059736,156034.9330195145,388675.47290151997,California,186772.17082323745
185657.7922108454,204407.80899088684,433336.76616130536,California,197041.4655218169
175635.30020891983,131156.4761523732,410463.4097551615,California,210467.7872508097
162448.85402688678,155692.97007998457,285038.33808329713,Florida,196716.65997423072
88431.62238940339,96204.61130405389,337390.0400785633,New York,234083.55261748063
108376.52003411516,89608.35114284216,193200.83650407725,California,176254.40911751208
148459.10225480422,52903.364750628665,349534.7978189826,Florida,204234.56152934892
181882.2372974003,87301.87213708262,395110.42914033437,New York,184988.70533852972
118859.4192274744,51051.357006681064,252461.3537861593,New York,189118.92388890526
95356.23536279463,119454.5489692556,300860.2408413232,California,191086.22747867595
163248.36615480605,195264.32366896688,127007.16984436009,Florida,170857.3153871138
127464.22532162831,123630.39429481541,117229.66324925233,California,231279.56229141616
149919.48268332193,130033.39398037802,122567.88756741752,Florida,254741.6718350532
149129.8592062077,178765.88525007287,301467.5520936516,New York,227790.9168342874
152368.8510166705,165918.08935873356,278597.371628677,California,282679.09021059115
135384.27271304384,175597.35961300877,525842.3859682296,New York,288940.07269765204
140805.3087551788,74542.1641918913,182712.20916110463,Florida,236872.48862152352
121289.34536181616,105603.85907945235,255010.32374634457,California,210978.2768177261
188478.9153338791,79841.73268071389,146253.6436951955,California,227301.18827432016
203436.23951309512,135608.4445953724,170603.41922763895,California,248082.5734740047
143728.38207629992,123000.04118772449,276187.88980537764,California,177912.94031395743
112004.63755631413,95904.26777034705,263404.3158837009,New York,229918.8018101633
143439.91844246487,192940.0424616662,415415.9130352186,California,184309.28467917268
185647.85208399067,146053.77661512443,329436.88792141044,California,253410.89204633495
57222.06309384713,129773.0925390231,372915.4879786953,New York,228434.13108096557
134850.39441198137,153267.13117911978,386316.14128323057,Florida,188381.71663007274
60309.24043302609,132467.49627547432,148008.31420810023,Florida,205259.73059739752
207879.06934148437,160567.23294844726,352485.79605665297,California,265718.9220413796
102110.94589776151,141774.41410069828,384721.84631320316,New York,285946.1605971049
134523.07422326034,112525.8310065147,136009.80428335298,California,234151.17857690508
127663.18841675302,157693.02460061957,372305.661658821,California,197749.0030543608
134002.51782490255,157001.76548899373,410302.71748456557,New York,214190.99763353972
147568.37989080808,189036.10628457976,402008.6608401825,New York,187434.68923791678
131039.98309980742,197538.06776995206,249667.52076388375,Florida,160556.28257320818
141742.66104382713,132713.06118818856,264940.4037066069,Florida,210146.93173722198
105596.43122168866,148808.58006846826,350869.27625949733,California,175035.09652182582
196442.78421669005,104159.60655088576,183858.8391965844,Florida,217150.53618163927
116030.00069372804,184161.44926564582,313707.4222469945,New York,248318.4275590903
121441.38225748503,103284.06470556039,431352.2438578314,Florida,164694.72533834493
175360.71797666693,158456.22176324896,285250.65576141584,California,189554.53100408003
141985.25992628167,108176.22248921801,167599.27541815818,California,199266.43116989537
151849.51164221365,156052.89418384925,135008.6563056232,California,194451.6707343478
102665.40585073103,133886.12632784713,287767.7224380486,Florida,305960.233684122
134177.11593326845,84765.99316465728,278874.09236750245,Florida,219646.42725752314
120569.48655409421,86546.89231608511,330408.6048898776,New York,195157.25544074553
105787.0226425276,-16893.046484504463,317825.3427546338,New York,195338.1974597819
85706.65622610511,137699.92363477562,270071.7540945661,California,172615.2386550961
147147.30165222607,91610.74397765225,314107.89480604953,California,240889.63842136593
92710.22344117917,76415.14014174955,306464.81381611555,California,184391.0390507163
163513.88673803819,145416.60527486948,325915.9629930568,New York,167007.70017419208
99871.86721624201,150218.20508789492,345427.3724261136,California,183571.0060211571
205507.20394631947,143034.74274652964,290369.91069364286,California,242964.1579680019
208108.39658001313,188128.03761305625,481208.2829041765,California,213052.56956186393
114780.977384346,133695.79289353645,331273.6391025473,Florida,197891.07380748767
105223.27926030204,191222.01527660585,227211.73891462886,New York,199461.0347734107
102876.28543490956,58154.73441165502,407737.15151852334,New York,244715.13934707455
103382.81054559948,32292.788201264164,434910.5766482819,California,250263.3503122268
160511.47841507167,174636.3322868768,298625.88081272715,California,296404.9719021686
186049.11998376006,47681.54035602028,269395.8242405649,California,191903.51369537695
166949.21729060405,203686.26357932918,350671.3525481562,California,220493.51083563833
182629.12653343822,91316.11861943669,254719.30708973805,New York,169661.53449652437
62248.47943839547,56212.806369007245,349126.52300783515,Florida,206373.43311571272
94875.42347113251,161537.15443908868,432457.5812161515,California,222742.143567042
143287.31031318379,116404.28812249564,474564.7798347159,New York,275138.41759688576
222683.4321476354,109250.47081992685,314342.01400465454,California,184889.59628842748
120115.41646993777,169655.85908740736,147063.70733729276,Florida,241643.30650014433
160425.67655317966,195774.25273809588,545086.3120783779,California,164590.80980328133
119262.97107896878,129402.85322070506,361261.292192255,Florida,195679.35761153416
156753.13786828602,126102.75842420322,403347.8280054706,Florida,202288.6348838941
174037.0265661826,103104.63631221784,440498.1344650332,Florida,161128.56895181868
115916.45287671045,194225.1130578894,356063.83237253956,New York,186955.57299266558
112328.09616493387,94682.94623365451,471192.8223634341,California,166650.62209047872
182902.89708143144,157791.10165137408,381759.8387116708,Florida,219847.13454931285
91194.69706936125,74603.89722399175,218358.1869771027,California,122772.62712940577
56607.985040351545,205251.54786138987,367046.4939929287,California,198475.61374778932
125150.5726471403,125979.94119686386,243110.9450844572,Florida,228026.8985193541
138461.0624582395,153094.82715471316,222712.874576504,Florida,186684.72042658264
98769.85259769481,133054.09479405,233113.2360908329,California,157199.74138063908
77621.90050763232,187515.2769682113,616082.306876849,New York,269235.74456589494
132365.04307473954,74458.9997270872,224575.11280636146,New York,230091.81055001725
170799.3424286825,111137.07139200022,273825.02860398486,Florida,221421.3299561395
132061.03027216223,129181.89737624738,201166.3144802255,New York,203537.17216584
130444.74371958368,105049.32510532707,174446.4400948582,California,205574.28286199848
177102.30459871772,145677.8552751968,446627.48202969984,New York,278203.00026611757
190506.04260087272,181797.3126902783,336129.0396599558,Florida,210716.04161778893
126010.22099744606,89441.72025194834,-12620.553106476087,New York,261605.8691269345
116659.42394288383,89173.18635524837,423350.9657458421,Florida,204643.93184771473
175261.59797188148,79633.31486130862,453913.0794106277,Florida,178030.19539332448
126177.24290497773,173666.93964423466,352178.948761652,New York,155851.08592610635
125474.06022734306,130855.34080104997,378080.0595282235,Florida,195976.38936507987
131866.86936769358,133801.7943118953,396358.8587000773,New York,155483.77209566126
196678.59453297753,123314.25217825669,378845.16296151816,California,242233.16478909136
99398.35804409627,165196.9852600559,524799.9058925569,California,204385.47386106223
208270.76393938367,101988.03662740777,196161.02375718247,Florida,203259.1065774958
147715.48198429839,121347.42412533234,498013.4493134462,California,191354.0728996665
91127.02141319853,50551.6232234388,386727.44713335,New York,141495.7224756779
159847.0040300258,111997.94923267454,173921.3455608745,California,224140.25179910648
163585.12308286154,72926.81577894013,183731.06753270654,California,233044.60151496864
113300.43118261655,155854.65512148963,180206.6903500314,Florida,220383.50348377702
58578.17874309233,133315.74850140163,287784.4612229828,New York,262518.63827685633
162399.19795667985,187753.69048163836,153073.5546154529,California,234757.43724322488
140214.41386874398,188686.36355594106,252510.82723380625,Florida,247751.78298439467
166617.10814911744,156720.92126662534,62826.03071707365,New York,219966.1919561872
69169.50191765008,165896.33806799675,299587.0246382917,New York,228567.62966839943
151127.41397756862,142320.01987237384,393075.0181174832,Florida,206383.2403359103
148338.21390644446,76668.45200192707,321334.4534856708,California,260321.22069174302
142148.694207158,87627.67343580215,251286.48832848333,New York,242361.09566097314
174409.67028198062,111673.15579862444,202122.67979676195,Florida,239958.3355277989
141573.6051782413,115353.289764658,325580.00034163066,New York,205364.05609157946
158383.59079902316,118187.48250018808,475918.77352122584,New York,182095.81491224782
174333.97124013145,152369.39753057674,495102.28391051304,California,157972.50831240928
90457.26891608618,88930.69419024354,199986.80061179935,New York,207264.39500953327
127460.85411207438,198193.32401565684,320326.8232103155,California,277308.90214403166
139617.1588435334,175794.5190955858,269739.9739464228,California,298752.3773458106
157668.74747328673,180772.3334185448,349088.3781551908,Florida,223387.4946820032
80842.8293105106,196184.2818173721,243375.85162987985,Florida,239518.39175555803
130708.54250471768,121305.85502049654,305497.90018026164,California,155718.5799888136
123627.62159252765,147426.12383103068,279189.1411529377,New York,259003.1770031656
144053.25454596416,147663.95224699547,174289.35908292467,Florida,202865.4472469541
104399.36653247532,107462.63877963168,398957.16807045054,New York,246970.74092648085
131440.2001710745,79698.65496125385,407884.74312589463,California,246898.70115820155
215525.2709794435,112049.06772009064,289799.88334869756,Florida,216115.12478170736
78377.07360368318,165134.1125516013,328167.9135807366,California,239134.93139598315
141818.46158843138,109599.00935081768,291091.718026008,California,184169.14581828643
145814.20251984533,133500.4336330856,244843.39842188178,New York,185713.8885017047
115017.23397163587,123593.06654726272,157927.39101194707,California,209634.6783225655
69348.70515750528,84862.27931963565,271489.25919675856,California,176561.8599166833
93388.9054987996,110131.50354874077,345464.9606184778,California,172461.13386249467
103675.12842809357,117402.599110151,365270.68225547974,California,176486.631012066
195487.0166872004,148258.33217780397,294129.23792255373,California,226425.45973378187
134176.21211081094,159310.21052931793,417741.6720479593,New York,262337.46862446325
83505.22275758817,142704.42645151544,300610.5268461743,Florida,202730.6943334094
179868.40547396985,90362.23916599467,378016.0185562259,California,240730.14659880637
105371.58151194264,149054.00115002936,108619.62724009779,California,228465.59386500527
106091.13423248437,132753.23313156786,441660.5568924385,California,241617.1881936249
200294.60293584233,187834.68900001256,335174.05100782507,California,253369.19928352843
98161.19460048513,131014.47007046554,125579.78465844851,California,223982.20664696814
174017.83203900303,134751.1573435707,633324.4956730205,California,192757.2989304761
118954.94362848964,148159.21772852368,323229.6246787949,California,204628.95515659516
151625.7596301978,201221.3515181517,165275.82773245042,Florida,178960.4410554338
122499.22227442305,130501.48149444068,438172.89998347935,California,197749.0579294717
150784.92583540373,89923.37093587566,257546.03851037115,California,265280.9682558282
91147.66355481744,105140.9158130895,338935.41379098967,California,232303.7281103977
118797.57410988567,125349.80524923165,297187.90393903066,California,278813.12347446004
44546.68717348859,153517.1235165946,14456.796987678099,Florida,316108.0607420513
118110.16463238778,73648.57092908015,325744.6898810455,California,207101.78574206744
77300.50390841137,146838.82874030547,220154.99655069475,California,201942.0377465926
138326.32646325382,97223.56703576521,241378.7432914807,New York,145753.18017719046
67827.45602303403,84765.5057733285,478132.4519646021,California,265455.1258557436
137431.72090765415,143604.8391471385,423529.84199614695,California,213605.71161512495
130877.10618322926,254119.9550399648,382188.8151766503,New York,258491.38852390152
80469.73804407587,108485.72899134549,280067.8906290782,California,296834.9088033547
162677.79146088197,83987.23184408579,482239.7155397899,New York,205156.06614163017
169854.7105378609,141313.4202095313,178080.35686997545,California,211908.75221111154
140667.12003875978,142549.99840978938,256212.55482475806,New York,178133.77314385882
173905.18776448746,95333.8669110534,312119.82907047914,New York,194985.1063475943
104859.35031177604,102234.22984878729,392867.78106599074,California,190851.71132451206
130222.5703593342,148722.83912766443,315410.9170359813,California,259981.68142777242
122960.48537418286,153791.85646590483,274215.4249006439,California,203197.49202887074
131376.11335139614,134594.07947206867,294527.0280937978,New York,183397.43706856057
102993.81935753886,111695.63420017438,363574.0335692221,California,203233.5906744181
128553.32042001121,179862.01705088984,527271.6536200088,New York,137918.28300283497
212364.3944747401,144544.79508550203,266209.3379524019,California,176280.02625449435
175682.70068483523,123936.81131562448,408693.6661271477,New York,161366.47739571065
104264.97308897211,148503.44183373504,279639.8979648336,New York,173581.20565176388
118123.42530944312,170982.56835662414,99422.51535301353,California,235133.12592352176
140923.87126080817,128991.44806392299,346441.1875222747,Florida,148208.14089713804
144344.4087645503,5117.961270624975,344840.04263866803,New York,235026.5639700175
130109.87270164056,117358.56561500854,227503.16477515805,New York,250088.22808832218
155047.00700539845,67998.97357467214,299185.70431066764,California,299000.2076580926
167579.5161389683,93039.25800230313,533288.2657744052,California,228951.43260663265
157093.85567818175,75590.79042881992,214506.1222452384,California,214000.5280302529
128456.35283707833,113676.84520601135,386696.95676284895,California,172790.94289810257
172217.5660707746,154850.33774199418,239847.61877950653,California,184297.82566217583
165677.11264127586,81481.77887781442,441233.4165766143,New York,206246.0823770942
141307.67778349994,142439.7368604155,186536.16310148593,California,210358.5284564492
127657.82923659646,162095.66745337934,312551.1007705807,Florida,238173.69907834634
133943.46383587967,145041.19931849156,408322.27360857534,California,216147.50293457208
72507.01150048894,133392.4503197738,340111.79727900005,New York,250312.78001466475
144627.31694719006,98327.70507763658,428794.6674578312,California,197286.369430731
133527.4582556193,105538.50035633992,400368.25848170114,California,242272.65972671
29942.868297697132,110131.7109826222,400841.3797522759,Florida,234938.73955884646
4161.333933163449,94555.09131739251,536368.154178117,Florida,257895.234395325
139380.83024040438,116806.30372020058,167320.43521116755,Florida,247483.140685312
120282.32701792342,109599.66889978903,91456.79339654837,Florida,190258.10805870625
110563.07871055865,117348.81936253404,452547.6636467519,California,238303.96993100215
142072.93062637426,290351.78242109454,146696.66099682005,New York,186966.893001999
103784.69511158507,75310.93549833079,428033.8811076302,Florida,230573.10993972153
104438.19168634381,106563.43135121684,382739.65502919967,Florida,232851.31874800083
139620.09551081312,220227.16207158234,211932.05322134926,California,225466.28298707004
129666.12510697244,112638.67618741884,489792.2778254587,California,207582.86365515276
138946.9807788873,155912.09588493913,256950.57185158186,California,206575.47973920638
179078.2317755234,68896.42075634474,303344.8118861505,California,244789.69786472243
74858.06575488957,139042.08727463684,495947.0809189641,California,180203.84721704057
143650.04720557824,167344.16101523396,319891.2316417452,New York,226742.72142391745
198926.4934047107,119431.15103858679,252530.44040227158,New York,122795.93568713334
130509.15588155025,171092.14750465026,216913.4772952129,Florida,182004.06579988866
175569.0157289182,210935.07415344648,326068.6589222112,Florida,192552.7435304063
147793.495603025,135924.58010665746,289497.8529735593,California,175285.50745389203
143721.99774531292,122559.33792292909,365566.89222332835,California,228625.8930880678
116628.59760708729,163565.96126613993,92341.9977842691,California,234537.57776062906
141464.69770356224,116237.48460246304,340883.1025437408,California,263410.46765071154
194747.78638578218,164666.4421516951,217854.228316308,California,235918.1464971205
190783.2662255666,25636.80575094455,408311.31074836367,California,198558.4596368841
163216.5766516895,145618.52398498423,295360.6755812199,New York,244955.14666418516
158082.73068740783,135056.8268687661,20037.1146515031,Florida,204181.33415015758
221975.32393758296,182249.83247724868,325955.1130375691,Florida,256116.5808032054
135085.03835633324,126634.34670592037,314788.7785745585,California,159655.13334428857
140312.47305178628,214247.28293526737,221328.2410522338,California,204279.52046526643
180115.31341096788,113346.80998732585,389995.66592583375,Florida,221079.46410455243
114732.5278951581,127658.06041780075,400396.81145825936,New York,169538.17018542474
101621.5635376228,60047.07625948757,353300.4154259941,California,194581.50074127683
114989.12577283969,125933.19089742379,413057.9508830568,Florida,227565.72117273
110758.51416002531,122002.02889909732,372497.4968916805,California,259837.89956450736
153213.53731054513,56979.46224754653,75486.76875788736,New York,162497.51566228308
94327.8667792195,197881.0429310167,66558.61623185273,New York,241476.44362222552
140711.3842990028,225297.7012408569,346639.94531869487,California,202360.37885022705
137159.91002114487,133315.32187786791,354464.1602305073,California,198099.88077724524
171339.5055142686,104550.46630182692,370303.9948705798,California,231519.4511767095
126091.44739050687,124365.15065037001,246036.390631572,California,197405.77374413642
86201.31414987147,92539.56071120595,290362.60194843553,California,175735.66134232862
122688.72283998843,128595.17861361192,314789.15714384406,Florida,145610.26035238605
57821.11322882061,151124.54610365556,250271.47892480379,California,229254.91089220982
161972.40310397896,87095.12783907123,115512.50320879425,New York,178615.70367864182
108184.55530243712,47390.19199286515,244910.69752048544,California,234647.94442032345
75025.88333145564,67603.49535841207,364953.80492396036,Florida,207831.77295928562
133434.49870825835,106939.42530367848,232530.84161653527,Florida,232930.32783644818
162387.58800835145,120205.41194425004,416654.3984008233,New York,201771.10195407493
113860.69439494761,188667.06719770125,224827.00375529038,California,279715.81686827185
88324.8188700776,171688.05536748216,199201.03258467352,New York,254155.81032543827
139903.60360098485,96307.57847432849,383869.96368799114,New York,163974.49812027634
162986.3469462135,150944.86898447995,335462.2604986057,California,205791.26864050742
155915.5644163103,97135.12859764764,527557.1178348968,New York,241179.0927183474
146902.15435241876,138644.31028634467,317815.1871126603,California,215249.59214139817
127736.94487704439,224750.6088814131,249896.30837691776,New York,298155.2703991605
80176.51548102318,46743.1759817032,420595.2959455751,New York,275543.96022724535
201843.85832404048,123534.97078281961,298406.567901175,New York,195631.55032780083
150337.11428756034,141691.390957058,164851.2918354155,California,257086.37745349907
168748.67730478715,145920.59220190032,410467.4047690943,New York,241489.6203042035
119405.40618203681,116594.90562286766,266562.4790129256,California,232549.36704694416
55711.73447112217,146899.0685338769,405886.0357864732,California,209143.7353143247
165396.63394596562,73273.30389652886,172174.44709295905,New York,211892.81047032744
104970.89221169957,105845.69085160349,107353.84056765659,California,275456.5691304195
95181.10394940674,158078.42963327176,278840.7537940837,California,262756.92459820624
164629.01538806673,164551.32742644392,476984.50618402695,California,250151.66265165072
148804.26207502052,121941.87631660397,423292.9709066562,New York,223910.27091152637
115748.44801315056,88433.0110866561,453701.5691953321,California,199876.12318941313
195866.72804397147,79349.1441620508,187176.98646412668,California,159876.5058833492
114451.08188337718,49350.30236025668,161394.58393926342,California,246826.99795874185
64761.94891500632,144604.72842959836,263554.14699117345,New York,114456.77341293616
145782.6594510435,152213.93910137058,159295.9547335958,Florida,150778.21052786164
104554.04552181214,65722.8948533166,243572.64692224358,Florida,236368.13994808856
45000.28561024797,133711.28094599536,275492.9761896286,California,225139.9585132259
104162.52013978474,108453.55347574315,106313.57255727469,California,258506.2501702676
226021.5795826519,77533.1027387523,357973.6040569972,New York,187094.54031966743
135514.5789074921,139117.8490245717,386861.5690390153,California,167142.5320209262
122438.5069038484,110793.22399169482,357019.929923513,California,179510.53524828856
119951.08195989735,117767.06467804585,394994.91836830886,New York,281640.8429604477
179470.69578610169,70412.05505871853,236856.21555584035,New York,177132.17010737828
200968.15149927634,93528.0239523726,268558.59550534165,New York,253091.59177811712
153675.12300278532,201216.2032678108,376300.0244866616,New York,189987.42518618517
178731.49586875987,215389.97751221553,521349.4026191535,New York,139547.63322498644
142570.76357533806,169711.3888917147,421274.5732009308,California,238067.91677963754
188207.53495575668,139232.68451550606,288076.01505021384,California,227421.14658837355
179807.53290334344,102505.43047980123,505938.75788998284,California,185447.477542003
162589.66328751892,167870.00444194727,385902.2715547718,California,240857.12663991147
151060.4708687656,172026.87926710938,322406.01082669245,California,256213.36718157108
36482.06025079005,60155.25082727538,354869.3092751514,Florida,283354.8153911975
134002.3190460192,107581.49442569961,203157.20096351588,California,195187.5712573127
154626.21741229654,114762.85345290428,302542.947718916,Florida,229681.54135200885
80251.87859527238,59513.82972533275,375467.25624071126,California,223574.06131619363
121847.46804179686,148878.4984330826,139447.65728151263,California,195778.66243709726
163914.31042603243,125562.41083670789,347430.32976787246,California,188770.4127219612
82432.70576242637,195341.75815414553,390699.2544597762,California,222817.9442706109
144010.15636768987,114559.41633384376,389373.0031308016,New York,220546.4123646831
160111.31895586872,106114.06080569075,382287.35626506276,New York,177851.96357043926
103117.80656742665,217053.39029140037,360343.0288864478,New York,186029.37068105637
181080.5015246643,98176.65881283619,413574.15315034555,Florida,207468.25112510857
106749.74312089807,143452.87543397443,153922.05362907544,California,219560.6886341398
